{
    "categories": [
        {
            "id": 1,
            "name": "Clothes"
        },
        {
            "id": 2,
            "name": "Food",
            "subCategories": [
                {
                    "id": 3,
                    "name": "Snack"
                }
            ]
        },
        {
            "id": 4,
            "name": "Kitchenware",
            "subCategories": [
                {
                    "id": 5,
                    "name": "Pots"
                }
            ]
        }
    ]
}